“{Chicago, IL: [Albany Park, Andersonville, Archer Heights,
Ashburn, Auburn Gresham, Austin, Avalon Park, Avondale, 
Back of the Yards, Belmont Central, Beverly, Brainerd,
Bridgeport, Brighton Park, Bronzeville, Bucktown, Burnside,
Cabrini-Green, Calumet Heights, Canaryville, Chatham, Chicago Lawn,
Chinatown, Clearing, Cragin, DePaul, Douglas, Dunning,
East Garfield Park, East Side, Edgewater, Edison Park, Englewood,
Forest Glen, Fulton Market, Gage Park, Galewood, Garfield Ridge,
Gold Coast, Goose Island, Grand Boulevard, Greater Grand Crossing,
Greektown, Hegewisch, Hermosa, Humboldt Park, Hyde Park,
Irving Park, Jefferson Park, Jeffery Manor, Kenwood, Lakeview,
Lawndale, Lincoln Park, Lincoln Square, Little Village,
Logan Square, Magnificent Mile, Marquette Park, McKinley Park,
Montclare, Morgan Park, Mount Greenwood, Near North Side,
Near Southside, Near West Side, New City, Noble Square,
North Center, North Park, Norwood Park, O'Hare, Oakland,
Old Town, Pilsen, Portage Park, Printer's Row, Pullman,
Ravenswood, River East, River North, River West, Riverdale,
Rogers Park, Roscoe Village, Roseland, Sauganash, Scottsdale,
South Chicago, South Deering, South Loop, South Shore,
Streeterville, The Loop, Tri-Taylor, Ukrainian Village,
University Village, Uptown, Washington Heights, Washington Park,
West Elsdon, West Englewood, West Garfield Park, West Lawn,
West Loop, West Pullman, West Rogers Park, West Town,
Wicker Park, Woodlawn, Wrigleyville]}”
